ProviderID,ProviderName,Mon,Tue,Wed,Thu,Fri,Sat,Sun,ApprovedLeave,PreferredLocation,Type,Specialty,ScheduleType
1,Carolina Kennedy,TRUE,TRUE,TRUE,TRUE,TRUE,,,,CHCF,Full-Time,Adult,Fixed
2,Romilly Heath,,TRUE,TRUE,,TRUE,,,,THS,Part-Time,Peadiatric,Flexible
3,Rico Hirst,True,True,True,True,True,,,,CHCF,Full-Time,Family,Fixed
4,Cillian Walton,True,,True,,True,,,,PPHC,Full-Time,Adult,Flexible
5,Drew Burns,True,True,True,,True,,,,THS,Full-Time,Peadiatric,Fixed
6,Emily Duke,True,,True,True,True,,,,CHCF,Full-Time,Family,Flexible
